weeks,rep,E_obs,L_obs,P_obs,A_obs,DA,time,cpa
0,4,0,250,5,100,NA,0,NA
2,4,0,15,221,103,0,1,NA
4,4,0,184,13,237,2,2,NA
6,4,0,0,143,241,0,3,NA
8,4,0,104,2,297,3,4,NA
10,4,0,4,54,300,0,5,NA
12,4,0,23,5,323,2,6,NA
14,4,0,37,19,323,1,7,NA
16,4,0,26,25,328,0,8,NA
18,4,0,53,10,331,1,9,NA
20,4,0,31,41,330,4,10,NA
22,4,0,27,19,338,1,11,NA
24,4,0,40,22,343,1,12,NA
26,4,0,27,25,354,1,13,NA
28,4,0,44,17,359,0,14,NA
30,4,0,35,39,362,2,15,NA
32,4,0,22,26,370,2,16,NA
34,4,0,46,11,373,2,17,NA
36,4,0,22,34,377,3,18,NA
38,4,0,48,16,384,4,19,NA
40,4,0,18,39,386,3,20,NA
42,4,0,17,8,390,3,21,NA
44,4,0,19,8,389,3,22,NA
46,4,0,17,12,385,6,23,NA
48,4,0,31,16,382,5,24,NA
50,4,0,39,16,384,5,25,NA
52,4,0,19,28,377,10,26,NA
54,4,0,36,14,380,1,27,NA
56,4,0,17,23,385,0,28,NA
58,4,0,12,8,385,2,29,NA
60,4,0,4,3,383,2,30,NA
62,4,0,9,2,384,0,31,NA
64,4,0,18,3,380,5,32,NA
66,4,0,21,9,379,1,33,NA
68,4,0,27,11,377,4,34,NA
70,4,0,18,17,375,4,35,NA
72,4,0,31,7,377,2,36,NA
74,4,0,14,18,373,6,37,NA
76,4,0,21,3,372,4,38,NA
78,4,0,17,12,370,3,39,NA
80,4,0,28,11,366,6,40,NA
0,11,0,250,5,100,NA,0,NA
2,11,0,18,214,104,0,1,NA
4,11,0,203,16,226,0,2,NA
6,11,0,3,141,234,0,3,NA
8,11,0,62,1,283,0,4,NA
10,11,0,10,40,283,0,5,NA
12,11,0,26,6,292,0,6,NA
14,11,0,28,21,293,0,7,NA
16,11,0,21,13,302,2,8,NA
18,11,0,69,16,305,0,9,NA
20,11,0,33,46,307,0,10,NA
22,11,0,43,19,312,0,11,NA
24,11,0,48,12,309,6,12,NA
26,11,0,62,28,306,5,13,NA
28,11,0,41,46,313,1,14,NA
30,11,0,57,31,328,1,15,NA
32,11,0,24,36,335,0,16,NA
34,11,0,61,16,342,1,17,NA
36,11,0,21,49,344,2,18,NA
38,11,0,44,12,349,6,19,NA
40,11,0,28,26,349,2,20,NA
42,11,0,17,9,351,4,21,NA
44,11,0,31,2,350,4,22,NA
46,11,0,14,11,345,5,23,NA
48,11,0,27,12,346,4,24,NA
50,11,0,39,12,342,8,25,NA
52,11,0,31,24,336,9,26,NA
54,11,0,47,22,340,4,27,NA
56,11,0,28,21,349,2,28,NA
58,11,0,19,17,349,4,29,NA
60,11,0,7,14,357,0,30,NA
62,11,0,27,3,357,2,31,NA
64,11,0,21,13,350,4,32,NA
66,11,0,17,13,349,5,33,NA
68,11,0,36,13,347,4,34,NA
70,11,0,18,20,345,5,35,NA
72,11,0,41,9,350,2,36,NA
74,11,0,23,28,346,6,37,NA
76,11,0,32,11,349,4,38,NA
78,11,0,17,26,341,8,39,NA
80,11,0,53,12,346,4,40,NA
0,24,0,250,5,100,NA,0,NA
2,24,0,9,200,101,0,1,NA
4,24,0,232,6,214,2,2,NA
6,24,0,2,185,218,0,3,NA
8,24,0,83,1,287,0,4,NA
10,24,0,7,53,287,0,5,NA
12,24,0,41,6,310,0,6,NA
14,24,0,13,21,313,0,7,NA
16,24,0,49,6,319,1,8,NA
18,24,0,23,29,320,0,9,NA
20,24,0,41,11,326,1,10,NA
22,24,0,26,32,334,0,11,NA
24,24,0,37,17,335,1,12,NA
26,24,0,26,21,337,1,13,NA
28,24,0,33,21,340,2,14,NA
30,24,0,31,16,346,0,15,NA
32,24,0,34,22,348,1,16,NA
34,24,0,23,14,351,2,17,NA
36,24,0,42,11,353,2,18,NA
38,24,0,31,24,351,4,19,NA
40,24,0,29,17,354,1,20,NA
42,24,0,18,12,356,4,21,NA
44,24,0,28,6,356,3,22,NA
46,24,0,28,12,353,6,23,NA
48,24,0,33,15,356,1,24,NA
50,24,0,22,17,353,7,25,NA
52,24,0,34,13,342,12,26,NA
54,24,0,32,21,342,3,27,NA
56,24,0,29,21,344,4,28,NA
58,24,0,33,18,347,2,29,NA
60,24,0,23,24,349,1,30,NA
62,24,0,13,3,351,1,31,NA
64,24,0,14,10,350,1,32,NA
66,24,0,13,8,351,0,33,NA
68,24,0,22,12,353,0,34,NA
70,24,0,23,17,354,2,35,NA
72,24,0,31,9,356,1,36,NA
74,24,0,31,18,356,3,37,NA
76,24,0,32,11,355,5,38,NA
78,24,0,24,23,356,4,39,NA
80,24,0,24,16,361,4,40,NA
0,5,0,250,5,100,NA,0,0
2,5,0,12,215,9,NA,1,0
4,5,0,63,11,215,NA,2,0
6,5,0,75,49,20,NA,3,0
8,5,0,33,55,50,NA,4,0
10,5,0,127,17,57,NA,5,0
12,5,0,6,98,19,NA,6,0
14,5,0,184,5,99,NA,7,0
16,5,0,13,148,9,NA,8,0
18,5,0,66,12,148,NA,9,0
20,5,0,101,47,18,NA,10,0
22,5,0,41,83,48,NA,11,0
24,5,0,144,25,85,NA,12,0
26,5,0,32,107,28,NA,13,0
28,5,0,90,25,108,NA,14,0
30,5,0,47,74,29,NA,15,0
32,5,0,106,52,74,NA,16,0
34,5,0,76,86,55,NA,17,0
36,5,0,38,54,88,NA,18,0
38,5,0,98,27,58,NA,19,0
40,5,0,43,80,29,NA,20,0
42,5,0,33,36,81,NA,21,0
44,5,0,134,17,39,NA,22,0
46,5,0,22,91,19,NA,23,0
48,5,0,64,17,92,NA,24,0
50,5,0,96,37,21,NA,25,0
52,5,0,33,75,38,NA,26,0
54,5,0,88,21,77,NA,27,0
56,5,0,73,61,24,NA,28,0
58,5,0,58,66,62,NA,29,0
60,5,0,36,50,68,NA,30,0
62,5,0,49,21,53,NA,31,0
64,5,0,89,32,22,NA,32,0
66,5,0,26,70,33,NA,33,0
68,5,0,117,17,71,NA,34,0
70,5,0,67,94,20,NA,35,0
72,5,0,57,64,95,NA,36,0
74,5,0,124,42,68,NA,37,0
76,5,0,36,96,45,NA,38,0
78,5,0,126,31,98,NA,39,0
80,5,0,54,103,35,NA,40,0
0,12,0,250,5,100,NA,0,0
2,12,0,6,204,9,NA,1,0
4,12,0,47,2,204,NA,2,0
6,12,0,98,32,10,NA,3,0
8,12,0,15,71,32,NA,4,0
10,12,0,149,9,72,NA,5,0
12,12,0,5,128,12,NA,6,0
14,12,0,138,3,128,NA,7,0
16,12,0,32,109,8,NA,8,0
18,12,0,73,23,109,NA,9,0
20,12,0,78,63,27,NA,10,0
22,12,0,61,56,64,NA,11,0
24,12,0,123,57,59,NA,12,0
26,12,0,38,79,59,NA,13,0
28,12,0,153,24,81,NA,14,0
30,12,0,29,119,27,NA,15,0
32,12,0,107,19,120,NA,16,0
34,12,0,64,82,24,NA,17,0
36,12,0,53,36,83,NA,18,0
38,12,0,102,38,39,NA,19,0
40,12,0,36,77,40,NA,20,0
42,12,0,84,22,79,NA,21,0
44,12,0,78,62,25,NA,22,0
46,12,0,37,56,63,NA,23,0
48,12,0,123,17,59,NA,24,0
50,12,0,31,99,19,NA,25,0
52,12,0,76,21,100,NA,26,0
54,12,0,54,67,25,NA,27,0
56,12,0,78,40,68,NA,28,0
58,12,0,13,61,43,NA,29,0
60,12,0,292,11,63,NA,30,0
62,12,0,1,231,14,NA,31,0
64,12,0,108,3,232,NA,32,0
66,12,0,21,74,12,NA,33,0
68,12,0,79,15,74,NA,34,0
70,12,0,27,74,18,NA,35,0
72,12,0,107,22,75,NA,36,0
74,12,0,32,92,25,NA,37,0
76,12,0,104,23,93,NA,38,0
78,12,0,41,70,27,NA,39,0
80,12,0,86,29,71,NA,40,0
0,15,0,250,5,100,NA,0,0
2,15,0,9,206,9,NA,1,0
4,15,0,62,6,206,NA,2,0
6,15,0,81,48,14,NA,3,0
8,15,0,41,60,49,NA,4,0
10,15,0,117,36,62,NA,5,0
12,15,0,17,77,38,NA,6,0
14,15,0,134,13,79,NA,7,0
16,15,0,49,96,16,NA,8,0
18,15,0,65,35,97,NA,9,0
20,15,0,92,45,39,NA,10,0
22,15,0,64,69,47,NA,11,0
24,15,0,108,45,71,NA,12,0
26,15,0,48,75,48,NA,13,0
28,15,0,54,37,77,NA,14,0
30,15,0,81,37,40,NA,15,0
32,15,0,51,69,39,NA,16,0
34,15,0,103,27,71,NA,17,0
36,15,0,51,81,30,NA,18,0
38,15,0,61,36,82,NA,19,0
40,15,0,84,43,39,NA,20,0
42,15,0,57,69,45,NA,21,0
44,15,0,73,38,71,NA,22,0
46,15,0,55,47,41,NA,23,0
48,15,0,82,39,49,NA,24,0
50,15,0,19,61,41,NA,25,0
52,15,0,152,13,63,NA,26,0
54,15,0,31,129,16,NA,27,0
56,15,0,68,28,130,NA,28,0
58,15,0,92,51,33,NA,29,0
60,15,0,43,70,52,NA,30,0
62,15,0,23,30,72,NA,31,0
64,15,0,104,21,33,NA,32,0
66,15,0,34,76,22,NA,33,0
68,15,0,122,31,74,NA,34,0
70,15,0,59,114,34,NA,35,0
72,15,0,105,58,115,NA,36,0
74,15,0,37,74,63,NA,37,0
76,15,0,183,28,77,NA,38,0
78,15,0,27,141,31,NA,39,0
80,15,0,133,21,142,NA,40,0
0,1,0,250,5,100,NA,0,0.05
2,1,0,27,216,4,NA,1,0.05
4,1,0,38,21,177,NA,2,0.05
6,1,0,123,31,7,NA,3,0.05
8,1,0,13,90,22,NA,4,0.05
10,1,0,167,8,31,NA,5,0.05
12,1,0,8,159,3,NA,6,0.05
14,1,0,76,8,118,NA,7,0.05
16,1,0,57,51,5,NA,8,0.05
18,1,0,31,37,40,NA,9,0.05
20,1,0,104,27,7,NA,10,0.05
22,1,0,24,84,19,NA,11,0.05
24,1,0,98,14,33,NA,12,0.05
26,1,0,33,88,4,NA,13,0.05
28,1,0,31,16,75,NA,14,0.05
30,1,0,203,29,3,NA,15,0.05
32,1,0,0,163,25,NA,16,0.05
34,1,0,148,0,48,NA,17,0.05
36,1,0,14,104,2,NA,18,0.05
38,1,0,11,13,94,NA,19,0.05
40,1,0,186,8,4,NA,20,0.05
42,1,0,0,149,7,NA,21,0.05
44,1,0,63,0,105,NA,22,0.05
46,1,0,96,41,4,NA,23,0.05
48,1,0,9,78,34,NA,24,0.05
50,1,0,173,3,15,NA,25,0.05
52,1,0,7,148,2,NA,26,0.05
54,1,0,16,7,134,NA,27,0.05
56,1,0,138,11,5,NA,28,0.05
58,1,0,2,109,5,NA,29,0.05
60,1,0,51,0,85,NA,30,0.05
62,1,0,153,41,3,NA,31,0.05
64,1,0,2,105,35,NA,32,0.05
66,1,0,332,1,19,NA,33,0.05
68,1,0,2,286,1,NA,34,0.05
70,1,0,21,5,272,NA,35,0.05
72,1,0,89,14,11,NA,36,0.05
74,1,0,66,84,8,NA,37,0.05
76,1,0,17,51,56,NA,38,0.05
78,1,0,211,16,5,NA,39,0.05
80,1,0,4,174,12,NA,40,0.05
0,7,0,250,5,100,NA,0,0.05
2,7,0,6,213,4,NA,1,0.05
4,7,0,39,6,175,NA,2,0.05
6,7,0,127,33,7,NA,3,0.05
8,7,0,3,96,23,NA,4,0.05
10,7,0,206,2,31,NA,5,0.05
12,7,0,6,183,1,NA,6,0.05
14,7,0,38,4,174,NA,7,0.05
16,7,0,52,26,7,NA,8,0.05
18,7,0,43,41,18,NA,9,0.05
20,7,0,52,37,18,NA,10,0.05
22,7,0,52,39,16,NA,11,0.05
24,7,0,45,43,19,NA,12,0.05
26,7,0,83,22,18,NA,13,0.05
28,7,0,26,67,10,NA,14,0.05
30,7,0,63,18,41,NA,15,0.05
32,7,0,63,49,4,NA,16,0.05
34,7,0,27,43,40,NA,17,0.05
36,7,0,192,26,8,NA,18,0.05
38,7,0,1,157,17,NA,19,0.05
40,7,0,126,0,68,NA,20,0.05
42,7,0,37,91,3,NA,21,0.05
44,7,0,12,28,78,NA,22,0.05
46,7,0,184,11,4,NA,23,0.05
48,7,0,0,144,9,NA,24,0.05
50,7,0,76,0,92,NA,25,0.05
52,7,0,81,51,4,NA,26,0.05
54,7,0,22,66,42,NA,27,0.05
56,7,0,143,10,10,NA,28,0.05
58,7,0,8,125,6,NA,29,0.05
60,7,0,62,7,93,NA,30,0.05
62,7,0,106,52,4,NA,31,0.05
64,7,0,12,83,43,NA,32,0.05
66,7,0,283,11,12,NA,33,0.05
68,7,0,4,250,6,NA,34,0.05
70,7,0,63,6,185,NA,35,0.05
72,7,0,71,42,7,NA,36,0.05
74,7,0,32,64,30,NA,37,0.05
76,7,0,168,28,15,NA,38,0.05
78,7,0,6,156,14,NA,39,0.05
80,7,0,93,4,78,NA,40,0.05
0,20,0,250,5,100,NA,0,0.05
2,20,0,10,204,4,NA,1,0.05
4,20,0,38,6,167,NA,2,0.05
6,20,0,134,31,7,NA,3,0.05
8,20,0,14,107,22,NA,4,0.05
10,20,0,177,11,37,NA,5,0.05
12,20,0,7,158,3,NA,6,0.05
14,20,0,51,4,136,NA,7,0.05
16,20,0,74,46,5,NA,8,0.05
18,20,0,27,58,36,NA,9,0.05
20,20,0,95,25,11,NA,10,0.05
22,20,0,28,76,14,NA,11,0.05
24,20,0,111,18,39,NA,12,0.05
26,20,0,31,82,5,NA,13,0.05
28,20,0,51,27,64,NA,14,0.05
30,20,0,73,34,4,NA,15,0.05
32,20,0,8,55,28,NA,16,0.05
34,20,0,154,4,15,NA,17,0.05
36,20,0,8,113,2,NA,18,0.05
38,20,0,16,4,102,NA,19,0.05
40,20,0,179,11,4,NA,20,0.05
42,20,0,1,134,9,NA,21,0.05
44,20,0,56,0,85,NA,22,0.05
46,20,0,98,36,3,NA,23,0.05
48,20,0,7,72,31,NA,24,0.05
50,20,0,131,6,16,NA,25,0.05
52,20,0,19,101,3,NA,26,0.05
54,20,0,24,14,87,NA,27,0.05
56,20,0,113,16,3,NA,28,0.05
58,20,0,4,92,14,NA,29,0.05
60,20,0,143,5,47,NA,30,0.05
62,20,0,2,129,2,NA,31,0.05
64,20,0,29,2,117,NA,32,0.05
66,20,0,157,25,5,NA,33,0.05
68,20,0,3,137,19,NA,34,0.05
70,20,0,153,3,54,NA,35,0.05
72,20,0,39,127,2,NA,36,0.05
74,20,0,15,36,115,NA,37,0.05
76,20,0,196,14,5,NA,38,0.05
78,20,0,5,166,11,NA,39,0.05
80,20,0,77,3,96,NA,40,0.05
0,6,0,250,5,100,NA,0,0.1
2,6,0,13,211,4,NA,1,0.1
4,6,0,31,12,142,NA,2,0.1
6,6,0,188,28,6,NA,3,0.1
8,6,0,2,147,15,NA,4,0.1
10,6,0,176,2,34,NA,5,0.1
12,6,0,5,177,1,NA,6,0.1
14,6,0,47,5,160,NA,7,0.1
16,6,0,87,21,6,NA,8,0.1
18,6,0,24,69,12,NA,9,0.1
20,6,0,77,19,21,NA,10,0.1
22,6,0,22,69,3,NA,11,0.1
24,6,0,38,11,51,NA,12,0.1
26,6,0,53,34,2,NA,13,0.1
28,6,0,11,39,28,NA,14,0.1
30,6,0,217,6,3,NA,15,0.1
32,6,0,0,179,4,NA,16,0.1
34,6,0,43,1,120,NA,17,0.1
36,6,0,106,34,5,NA,18,0.1
38,6,0,7,79,21,NA,19,0.1
40,6,0,119,7,11,NA,20,0.1
42,6,0,14,98,2,NA,21,0.1
44,6,0,17,12,80,NA,22,0.1
46,6,0,139,13,3,NA,23,0.1
48,6,0,1,107,10,NA,24,0.1
50,6,0,87,1,39,NA,25,0.1
52,6,0,49,69,2,NA,26,0.1
54,6,0,17,38,56,NA,27,0.1
56,6,0,186,17,2,NA,28,0.1
58,6,0,2,149,14,NA,29,0.1
60,6,0,178,4,38,NA,30,0.1
62,6,0,5,142,2,NA,31,0.1
64,6,0,55,1,116,NA,32,0.1
66,6,0,138,55,5,NA,33,0.1
68,6,0,7,111,33,NA,34,0.1
70,6,0,217,6,5,NA,35,0.1
72,6,0,1,202,4,NA,36,0.1
74,6,0,51,2,135,NA,37,0.1
76,6,0,116,41,5,NA,38,0.1
78,6,0,13,89,25,NA,39,0.1
80,6,0,142,9,8,NA,40,0.1
0,10,0,250,5,100,NA,0,0.1
2,10,0,10,213,4,NA,1,0.1
4,10,0,32,8,143,NA,2,0.1
6,10,0,157,21,6,NA,3,0.1
8,10,0,1,119,12,NA,4,0.1
10,10,0,183,0,36,NA,5,0.1
12,10,0,3,143,1,NA,6,0.1
14,10,0,39,1,129,NA,7,0.1
16,10,0,87,32,5,NA,8,0.1
18,10,0,37,66,19,NA,9,0.1
20,10,0,69,30,11,NA,10,0.1
22,10,0,39,51,10,NA,11,0.1
24,10,0,45,30,19,NA,12,0.1
26,10,0,77,29,5,NA,13,0.1
28,10,0,35,66,18,NA,14,0.1
30,10,0,131,22,12,NA,15,0.1
32,10,0,16,113,7,NA,16,0.1
34,10,0,59,11,56,NA,17,0.1
36,10,0,131,43,2,NA,18,0.1
38,10,0,0,103,35,NA,19,0.1
40,10,0,146,1,4,NA,20,0.1
42,10,0,1,118,1,NA,21,0.1
44,10,0,7,0,107,NA,22,0.1
46,10,0,182,6,4,NA,23,0.1
48,10,0,1,144,4,NA,24,0.1
50,10,0,42,2,97,NA,25,0.1
52,10,0,143,32,4,NA,26,0.1
54,10,0,3,112,21,NA,27,0.1
56,10,0,138,2,15,NA,28,0.1
58,10,0,4,103,1,NA,29,0.1
60,10,0,25,3,93,NA,30,0.1
62,10,0,168,21,4,NA,31,0.1
64,10,0,4,137,14,NA,32,0.1
66,10,0,119,6,35,NA,33,0.1
68,10,0,5,101,1,NA,34,0.1
70,10,0,20,6,91,NA,35,0.1
72,10,0,179,15,4,NA,36,0.1
74,10,0,4,156,10,NA,37,0.1
76,10,0,87,4,57,NA,38,0.1
78,10,0,58,67,2,NA,39,0.1
80,10,0,9,48,55,NA,40,0.1
0,16,0,250,5,100,NA,0,0.1
2,16,0,12,215,4,NA,1,0.1
4,16,0,28,9,144,NA,2,0.1
6,16,0,169,21,6,NA,3,0.1
8,16,0,2,137,12,NA,4,0.1
10,16,0,131,2,41,NA,5,0.1
12,16,0,9,107,2,NA,6,0.1
14,16,0,71,4,88,NA,7,0.1
16,16,0,89,43,4,NA,8,0.1
18,16,0,29,71,12,NA,9,0.1
20,16,0,164,6,5,NA,10,0.1
22,16,0,2,127,4,NA,11,0.1
24,16,0,37,2,85,NA,12,0.1
26,16,0,142,25,3,NA,13,0.1
28,16,0,2,112,23,NA,14,0.1
30,16,0,229,3,18,NA,15,0.1
32,16,0,0,188,1,NA,16,0.1
34,16,0,28,0,170,NA,17,0.1
36,16,0,72,22,7,NA,18,0.1
38,16,0,13,45,11,NA,19,0.1
40,16,0,78,12,15,NA,20,0.1
42,16,0,24,66,4,NA,21,0.1
44,16,0,29,19,44,NA,22,0.1
46,16,0,119,21,2,NA,23,0.1
48,16,0,1,88,17,NA,24,0.1
50,16,0,97,0,17,NA,25,0.1
52,16,0,18,83,1,NA,26,0.1
54,16,0,6,7,75,NA,27,0.1
56,16,0,322,5,3,NA,28,0.1
58,16,0,1,274,4,NA,29,0.1
60,16,0,38,3,184,NA,30,0.1
62,16,0,19,28,7,NA,31,0.1
64,16,0,97,18,14,NA,32,0.1
66,16,0,13,83,5,NA,33,0.1
68,16,0,53,12,50,NA,34,0.1
70,16,0,34,43,2,NA,35,0.1
72,16,0,12,30,35,NA,36,0.1
74,16,0,447,11,2,NA,37,0.1
76,16,0,0,387,9,NA,38,0.1
78,16,0,73,0,157,NA,39,0.1
80,16,0,89,57,6,NA,40,0.1
0,8,0,250,5,100,NA,0,0.25
2,8,0,16,212,4,NA,1,0.25
4,8,0,28,14,78,NA,2,0.25
6,8,0,173,24,3,NA,3,0.25
8,8,0,6,141,11,NA,4,0.25
10,8,0,137,5,9,NA,5,0.25
12,8,0,13,117,1,NA,6,0.25
14,8,0,27,12,91,NA,7,0.25
16,8,0,172,22,4,NA,8,0.25
18,8,0,5,137,8,NA,9,0.25
20,8,0,82,4,19,NA,10,0.25
22,8,0,31,62,1,NA,11,0.25
24,8,0,16,20,48,NA,12,0.25
26,8,0,226,17,2,NA,13,0.25
28,8,0,0,181,10,NA,14,0.25
30,8,0,88,2,15,NA,15,0.25
32,8,0,11,70,1,NA,16,0.25
34,8,0,13,10,55,NA,17,0.25
36,8,0,257,9,2,NA,18,0.25
38,8,0,0,202,5,NA,19,0.25
40,8,0,44,1,58,NA,20,0.25
42,8,0,118,36,2,NA,21,0.25
44,8,0,6,93,22,NA,22,0.25
46,8,0,119,2,1,NA,23,0.25
48,8,0,3,104,2,NA,24,0.25
50,8,0,17,2,63,NA,25,0.25
52,8,0,172,10,3,NA,26,0.25
54,8,0,3,169,5,NA,27,0.25
56,8,0,47,2,48,NA,28,0.25
58,8,0,60,39,2,NA,29,0.25
60,8,0,8,39,24,NA,30,0.25
62,8,0,371,6,1,NA,31,0.25
64,8,0,0,297,5,NA,32,0.25
66,8,0,57,0,85,NA,33,0.25
68,8,0,100,54,3,NA,34,0.25
70,8,0,17,88,26,NA,35,0.25
72,8,0,269,15,1,NA,36,0.25
74,8,0,0,211,12,NA,37,0.25
76,8,0,89,0,11,NA,38,0.25
78,8,0,18,72,0,NA,39,0.25
80,8,0,0,14,72,NA,40,0.25
0,17,0,250,5,100,NA,0,0.25
2,17,0,13,218,4,NA,1,0.25
4,17,0,29,11,80,NA,2,0.25
6,17,0,201,22,3,NA,3,0.25
8,17,0,1,161,10,NA,4,0.25
10,17,0,193,1,13,NA,5,0.25
12,17,0,5,152,1,NA,6,0.25
14,17,0,47,2,118,NA,7,0.25
16,17,0,114,41,5,NA,8,0.25
18,17,0,18,84,12,NA,9,0.25
20,17,0,108,12,4,NA,10,0.25
22,17,0,11,88,4,NA,11,0.25
24,17,0,43,9,32,NA,12,0.25
26,17,0,139,29,1,NA,13,0.25
28,17,0,0,112,23,NA,14,0.25
30,17,0,283,0,1,NA,15,0.25
32,17,0,0,276,0,NA,16,0.25
34,17,0,0,0,276,NA,17,0.25
36,17,0,98,0,11,NA,18,0.25
38,17,0,7,74,0,NA,19,0.25
40,17,0,0,6,74,NA,20,0.25
42,17,0,258,0,3,NA,21,0.25
44,17,0,0,212,0,NA,22,0.25
46,17,0,0,0,212,NA,23,0.25
48,17,0,174,0,8,NA,24,0.25
50,17,0,2,141,0,NA,25,0.25
52,17,0,0,0,141,NA,26,0.25
54,17,0,221,0,6,NA,27,0.25
56,17,0,3,164,0,NA,28,0.25
58,17,0,17,2,164,NA,29,0.25
60,17,0,209,0,7,NA,30,0.25
62,17,0,6,163,0,NA,31,0.25
64,17,0,0,7,163,NA,32,0.25
66,17,0,233,1,7,NA,33,0.25
68,17,0,3,199,0,NA,34,0.25
70,17,0,0,3,199,NA,35,0.25
72,17,0,186,0,8,NA,36,0.25
74,17,0,4,153,0,NA,37,0.25
76,17,0,4,3,153,NA,38,0.25
78,17,0,157,3,6,NA,39,0.25
80,17,0,10,133,1,NA,40,0.25
0,21,0,250,5,100,NA,0,0.25
2,21,0,9,210,4,NA,1,0.25
4,21,0,35,4,77,NA,2,0.25
6,21,0,173,29,3,NA,3,0.25
8,21,0,5,142,14,NA,4,0.25
10,21,0,114,4,5,NA,5,0.25
12,21,0,17,94,1,NA,6,0.25
14,21,0,23,14,73,NA,7,0.25
16,21,0,129,23,3,NA,8,0.25
18,21,0,9,118,11,NA,9,0.25
20,21,0,103,7,8,NA,10,0.25
22,21,0,17,84,1,NA,11,0.25
24,21,0,11,17,65,NA,12,0.25
26,21,0,233,6,3,NA,13,0.25
28,21,0,0,206,3,NA,14,0.25
30,21,0,38,0,1,NA,15,0.25
32,21,0,96,27,4,NA,16,0.25
34,21,0,6,78,10,NA,17,0.25
36,21,0,109,6,6,NA,18,0.25
38,21,0,9,88,1,NA,19,0.25
40,21,0,4,7,68,NA,20,0.25
42,21,0,172,1,3,NA,21,0.25
44,21,0,0,138,1,NA,22,0.25
46,21,0,12,0,107,NA,23,0.25
48,21,0,214,9,4,NA,24,0.25
50,21,0,0,173,3,NA,25,0.25
52,21,0,31,1,82,NA,26,0.25
54,21,0,169,21,3,NA,27,0.25
56,21,0,4,135,10,NA,28,0.25
58,21,0,101,2,11,NA,29,0.25
60,21,0,35,74,0,NA,30,0.25
62,21,0,0,30,74,NA,31,0.25
64,21,0,268,0,3,NA,32,0.25
66,21,0,2,245,0,NA,33,0.25
68,21,0,0,2,245,NA,34,0.25
70,21,0,139,0,10,NA,35,0.25
72,21,0,12,116,0,NA,36,0.25
74,21,0,0,9,116,NA,37,0.25
76,21,0,268,0,5,NA,38,0.25
78,21,0,3,233,0,NA,39,0.25
80,21,0,0,3,233,NA,40,0.25
0,9,0,250,5,100,NA,0,0.5
2,9,0,9,208,4,NA,1,0.5
4,9,0,35,8,28,NA,2,0.5
6,9,0,137,25,1,NA,3,0.5
8,9,0,0,113,15,NA,4,0.5
10,9,0,161,0,1,NA,5,0.5
12,9,0,3,147,1,NA,6,0.5
14,9,0,53,0,89,NA,7,0.5
16,9,0,83,49,4,NA,8,0.5
18,9,0,23,62,7,NA,9,0.5
20,9,0,68,17,2,NA,10,0.5
22,9,0,13,60,6,NA,11,0.5
24,9,0,66,12,3,NA,12,0.5
26,9,0,14,54,3,NA,13,0.5
28,9,0,43,10,12,NA,14,0.5
30,9,0,129,34,0,NA,15,0.5
32,9,0,0,109,34,NA,16,0.5
34,9,0,281,0,1,NA,17,0.5
36,9,0,0,242,0,NA,18,0.5
38,9,0,4,0,242,NA,19,0.5
40,9,0,102,2,10,NA,20,0.5
42,9,0,12,79,0,NA,21,0.5
44,9,0,2,11,79,NA,22,0.5
46,9,0,271,0,3,NA,23,0.5
48,9,0,0,203,0,NA,24,0.5
50,9,0,0,0,203,NA,25,0.5
52,9,0,138,0,8,NA,26,0.5
54,9,0,9,106,0,NA,27,0.5
56,9,0,8,2,106,NA,28,0.5
58,9,0,265,3,4,NA,29,0.5
60,9,0,0,233,0,NA,30,0.5
62,9,0,0,0,233,NA,31,0.5
64,9,0,81,0,9,NA,32,0.5
66,9,0,22,53,0,NA,33,0.5
68,9,0,0,17,53,NA,34,0.5
70,9,0,481,0,2,NA,35,0.5
72,9,0,0,416,0,NA,36,0.5
74,9,0,0,0,416,NA,37,0.5
76,9,0,41,0,17,NA,38,0.5
78,9,0,74,29,1,NA,39,0.5
80,9,0,6,57,18,NA,40,0.5
0,14,0,250,5,100,NA,0,0.5
2,14,0,12,211,4,NA,1,0.5
4,14,0,33,10,29,NA,2,0.5
6,14,0,107,27,1,NA,3,0.5
8,14,0,17,86,16,NA,4,0.5
10,14,0,124,10,1,NA,5,0.5
12,14,0,1,116,6,NA,6,0.5
14,14,0,93,1,6,NA,7,0.5
16,14,0,19,82,0,NA,8,0.5
18,14,0,3,21,82,NA,9,0.5
20,14,0,284,3,3,NA,10,0.5
22,14,0,1,231,1,NA,11,0.5
24,14,0,2,1,140,NA,12,0.5
26,14,0,281,0,6,NA,13,0.5
28,14,0,0,223,0,NA,14,0.5
30,14,0,0,0,223,NA,15,0.5
32,14,0,143,0,9,NA,16,0.5
34,14,0,8,113,1,NA,17,0.5
36,14,0,4,8,69,NA,18,0.5
38,14,0,231,2,3,NA,19,0.5
40,14,0,0,204,0,NA,20,0.5
42,14,0,0,0,204,NA,21,0.5
44,14,0,126,0,8,NA,22,0.5
46,14,0,6,91,0,NA,23,0.5
48,14,0,0,6,91,NA,24,0.5
50,14,0,183,0,4,NA,25,0.5
52,14,0,0,142,0,NA,26,0.5
54,14,0,0,0,142,NA,27,0.5
56,14,0,209,0,6,NA,28,0.5
58,14,0,3,171,0,NA,29,0.5
60,14,0,0,1,171,NA,30,0.5
62,14,0,137,0,7,NA,31,0.5
64,14,0,6,107,0,NA,32,0.5
66,14,0,0,8,107,NA,33,0.5
68,14,0,216,0,4,NA,34,0.5
70,14,0,0,189,0,NA,35,0.5
72,14,0,0,0,189,NA,36,0.5
74,14,0,155,0,8,NA,37,0.5
76,14,0,3,133,0,NA,38,0.5
78,14,0,2,3,133,NA,39,0.5
80,14,0,257,1,5,NA,40,0.5
0,19,0,250,5,100,NA,0,0.5
2,19,0,10,212,4,NA,1,0.5
4,19,0,39,7,29,NA,2,0.5
6,19,0,89,35,1,NA,3,0.5
8,19,0,1,72,21,NA,4,0.5
10,19,0,227,1,1,NA,5,0.5
12,19,0,0,203,1,NA,6,0.5
14,19,0,43,0,123,NA,7,0.5
16,19,0,135,36,5,NA,8,0.5
18,19,0,8,111,8,NA,9,0.5
20,19,0,31,8,25,NA,10,0.5
22,19,0,209,18,1,NA,11,0.5
24,19,0,0,192,11,NA,12,0.5
26,19,0,103,1,1,NA,13,0.5
28,19,0,8,81,0,NA,14,0.5
30,19,0,0,7,81,NA,15,0.5
32,19,0,311,0,3,NA,16,0.5
34,19,0,0,299,0,NA,17,0.5
36,19,0,12,0,299,NA,18,0.5
38,19,0,86,8,12,NA,19,0.5
40,19,0,20,64,0,NA,20,0.5
42,19,0,0,13,64,NA,21,0.5
44,19,0,209,0,3,NA,22,0.5
46,19,0,0,166,0,NA,23,0.5
48,19,0,0,0,166,NA,24,0.5
50,19,0,232,0,7,NA,25,0.5
52,19,0,6,187,0,NA,26,0.5
54,19,0,0,4,187,NA,27,0.5
56,19,0,149,0,7,NA,28,0.5
58,19,0,3,99,0,NA,29,0.5
60,19,0,0,4,99,NA,30,0.5
62,19,0,195,0,4,NA,31,0.5
64,19,0,3,152,0,NA,32,0.5
66,19,0,0,2,152,NA,33,0.5
68,19,0,277,0,6,NA,34,0.5
70,19,0,3,245,0,NA,35,0.5
72,19,0,0,3,245,NA,36,0.5
74,19,0,144,0,10,NA,37,0.5
76,19,0,8,126,0,NA,38,0.5
78,19,0,0,8,126,NA,39,0.5
80,19,0,261,0,5,NA,40,0.5
0,3,0,250,5,100,NA,0,1
2,3,0,17,209,4,NA,1,1
4,3,0,36,14,4,NA,2,1
6,3,0,27,29,0,NA,3,1
8,3,0,13,22,29,NA,4,1
10,3,0,231,9,1,NA,5,1
12,3,0,3,212,3,NA,6,1
14,3,0,56,3,11,NA,7,1
16,3,0,57,50,0,NA,8,1
18,3,0,0,47,50,NA,9,1
20,3,0,212,0,2,NA,10,1
22,3,0,4,181,0,NA,11,1
24,3,0,0,4,181,NA,12,1
26,3,0,174,0,7,NA,13,1
28,3,0,13,146,0,NA,14,1
30,3,0,0,8,146,NA,15,1
32,3,0,347,0,6,NA,16,1
34,3,0,0,286,0,NA,17,1
36,3,0,0,0,286,NA,18,1
38,3,0,89,0,11,NA,19,1
40,3,0,17,70,0,NA,20,1
42,3,0,0,12,70,NA,21,1
44,3,0,174,0,3,NA,22,1
46,3,0,2,143,0,NA,23,1
48,3,0,0,2,143,NA,24,1
50,3,0,207,0,6,NA,25,1
52,3,0,2,172,0,NA,26,1
54,3,0,0,1,172,NA,27,1
56,3,0,149,0,7,NA,28,1
58,3,0,7,123,0,NA,29,1
60,3,0,0,5,123,NA,30,1
62,3,0,279,0,5,NA,31,1
64,3,0,0,215,0,NA,32,1
66,3,0,0,0,215,NA,33,1
68,3,0,192,0,9,NA,34,1
70,3,0,6,171,0,NA,35,1
72,3,0,0,8,171,NA,36,1
74,3,0,283,0,7,NA,37,1
76,3,0,2,233,0,NA,38,1
78,3,0,0,2,233,NA,39,1
80,3,0,161,0,9,NA,40,1
0,18,0,250,5,100,NA,0,1
2,18,0,11,212,4,NA,1,1
4,18,0,41,7,4,NA,2,1
6,18,0,44,36,0,NA,3,1
8,18,0,0,35,36,NA,4,1
10,18,0,281,2,1,NA,5,1
12,18,0,4,233,1,NA,6,1
14,18,0,57,0,86,NA,7,1
16,18,0,122,50,3,NA,8,1
18,18,0,13,96,2,NA,9,1
20,18,0,19,14,13,NA,10,1
22,18,0,107,17,1,NA,11,1
24,18,0,3,96,6,NA,12,1
26,18,0,81,2,0,NA,13,1
28,18,0,0,63,2,NA,14,1
30,18,0,29,0,9,NA,15,1
32,18,0,78,28,0,NA,16,1
34,18,0,0,67,28,NA,17,1
36,18,0,199,0,1,NA,18,1
38,18,0,0,159,0,NA,19,1
40,18,0,0,0,159,NA,20,1
42,18,0,176,0,6,NA,21,1
44,18,0,2,141,0,NA,22,1
46,18,0,0,0,141,NA,23,1
48,18,0,249,0,6,NA,24,1
50,18,0,0,203,0,NA,25,1
52,18,0,0,0,203,NA,26,1
54,18,0,167,0,8,NA,27,1
56,18,0,8,132,0,NA,28,1
58,18,0,0,5,132,NA,29,1
60,18,0,269,0,5,NA,30,1
62,18,0,3,203,0,NA,31,1
64,18,0,0,3,203,NA,32,1
66,18,0,119,1,8,NA,33,1
68,18,0,14,103,0,NA,34,1
70,18,0,0,16,103,NA,35,1
72,18,0,211,0,4,NA,36,1
74,18,0,3,185,0,NA,37,1
76,18,0,0,2,185,NA,38,1
78,18,0,109,0,7,NA,39,1
80,18,0,13,90,0,NA,40,1
0,23,0,250,5,100,NA,0,1
2,23,0,7,219,4,NA,1,1
4,23,0,39,5,4,NA,2,1
6,23,0,31,35,0,NA,3,1
8,23,0,0,18,35,NA,4,1
10,23,0,321,0,1,NA,5,1
12,23,0,0,275,0,NA,6,1
14,23,0,9,0,275,NA,7,1
16,23,0,107,8,11,NA,8,1
18,23,0,20,89,0,NA,9,1
20,23,0,4,19,89,NA,10,1
22,23,0,239,2,4,NA,11,1
24,23,0,0,201,0,NA,12,1
26,23,0,0,0,201,NA,13,1
28,23,0,164,0,8,NA,14,1
30,23,0,4,128,0,NA,15,1
32,23,0,3,4,128,NA,16,1
34,23,0,291,3,5,NA,17,1
36,23,0,0,238,0,NA,18,1
38,23,0,0,0,238,NA,19,1
40,23,0,89,1,10,NA,20,1
42,23,0,14,69,0,NA,21,1
44,23,0,0,10,69,NA,22,1
46,23,0,234,0,3,NA,23,1
48,23,0,0,183,0,NA,24,1
50,23,0,4,0,183,NA,25,1
52,23,0,107,0,7,NA,26,1
54,23,0,11,84,0,NA,27,1
56,23,0,0,10,84,NA,28,1
58,23,0,173,0,3,NA,29,1
60,23,0,0,138,0,NA,30,1
62,23,0,0,0,138,NA,31,1
64,23,0,161,0,6,NA,32,1
66,23,0,6,150,0,NA,33,1
68,23,0,0,4,150,NA,34,1
70,23,0,258,0,6,NA,35,1
72,23,0,3,222,0,NA,36,1
74,23,0,0,2,220,NA,37,1
76,23,0,78,0,9,NA,38,1
78,23,0,20,73,0,NA,39,1
80,23,0,0,18,73,NA,40,1
0,2,0,250,5,100,NA,0,0.35
2,2,0,22,212,4,NA,1,0.35
4,2,0,28,20,52,NA,2,0.35
6,2,0,161,26,2,NA,3,0.35
8,2,0,3,132,13,NA,4,0.35
10,2,0,173,2,2,NA,5,0.35
12,2,0,2,153,1,NA,6,0.35
14,2,0,67,1,108,NA,7,0.35
16,2,0,57,51,4,NA,8,0.35
18,2,0,17,77,13,NA,9,0.35
20,2,0,86,16,2,NA,10,0.35
22,2,0,11,73,8,NA,11,0.35
24,2,0,77,7,4,NA,12,0.35
26,2,0,12,69,2,NA,13,0.35
28,2,0,21,12,34,NA,14,0.35
30,2,0,113,17,1,NA,15,0.35
32,2,0,2,163,25,NA,16,0.35
34,2,0,103,2,1,NA,17,0.35
36,2,0,0,84,1,NA,18,0.35
38,2,0,7,0,59,NA,19,0.35
40,2,0,241,6,2,NA,20,0.35
42,2,0,0,199,3,NA,21,0.35
44,2,0,37,0,70,NA,22,0.35
46,2,0,118,32,3,NA,23,0.35
48,2,0,1,84,11,NA,24,0.35
50,2,0,128,0,2,NA,25,0.35
52,2,0,1,101,0,NA,26,0.35
54,2,0,0,2,101,NA,27,0.35
56,2,0,286,0,4,NA,28,0.35
58,2,0,3,266,0,NA,29,0.35
60,2,0,0,2,266,NA,30,0.35
62,2,0,126,0,11,NA,31,0.35
64,2,0,8,123,0,NA,32,0.35
66,2,0,0,4,123,NA,33,0.35
68,2,0,283,0,5,NA,34,0.35
70,2,0,4,221,0,NA,35,0.35
72,2,0,0,1,221,NA,36,0.35
74,2,0,182,0,9,NA,37,0.35
76,2,0,6,157,0,NA,38,0.35
78,2,0,0,5,157,NA,39,0.35
80,2,0,229,0,6,NA,40,0.35
82,2,0,3,211,0,NA,41,0.35
84,2,0,0,3,211,NA,42,0.35
86,2,0,87,0,8,NA,43,0.35
88,2,0,13,81,0,NA,44,0.35
90,2,0,0,13,81,NA,45,0.35
92,2,0,282,0,3,NA,46,0.35
94,2,0,0,271,0,NA,47,0.35
96,2,0,0,0,271,NA,48,0.35
98,2,0,43,0,11,NA,49,0.35
100,2,0,22,31,0,NA,50,0.35
102,2,0,0,21,31,NA,51,0.35
104,2,0,186,0,1,NA,52,0.35
106,2,0,4,178,0,NA,53,0.35
108,2,0,0,6,178,NA,54,0.35
110,2,0,96,0,7,NA,55,0.35
112,2,0,21,71,0,NA,56,0.35
114,2,0,0,17,71,NA,57,0.35
116,2,0,257,0,3,NA,58,0.35
118,2,0,0,229,0,NA,59,0.35
120,2,0,13,1,229,NA,60,0.35
122,2,0,31,8,9,NA,61,0.35
124,2,0,73,25,0,NA,62,0.35
126,2,0,0,69,25,NA,63,0.35
128,2,0,193,3,1,NA,64,0.35
130,2,0,0,187,0,NA,65,0.35
132,2,0,0,0,187,NA,66,0.35
134,2,0,62,0,7,NA,67,0.35
136,2,0,49,53,0,NA,68,0.35
138,2,0,0,35,53,NA,69,0.35
140,2,0,229,0,2,NA,70,0.35
142,2,0,0,219,0,NA,71,0.35
144,2,0,0,0,219,NA,72,0.35
146,2,0,116,0,9,NA,73,0.35
148,2,0,17,94,0,NA,74,0.35
150,2,0,0,14,94,NA,75,0.35
152,2,0,254,0,4,NA,76,0.35
154,2,0,0,204,0,NA,77,0.35
156,2,0,3,0,204,NA,78,0.35
158,2,0,75,3,8,NA,79,0.35
160,2,0,29,72,0,NA,80,0.35
162,2,0,0,28,72,NA,81,0.35
164,2,0,225,0,3,NA,82,0.35
166,2,0,4,199,0,NA,83,0.35
168,2,0,3,4,199,NA,84,0.35
170,2,0,86,3,8,NA,85,0.35
172,2,0,9,74,0,NA,86,0.35
174,2,0,0,9,74,NA,87,0.35
176,2,0,263,2,3,NA,88,0.35
178,2,0,5,221,1,NA,89,0.35
180,2,0,0,5,158,NA,90,0.35
182,2,0,112,0,6,NA,91,0.35
184,2,0,15,88,0,NA,92,0.35
186,2,0,0,15,88,NA,93,0.35
188,2,0,94,0,4,NA,94,0.35
190,2,0,13,77,0,NA,95,0.35
192,2,0,0,13,77,NA,96,0.35
194,2,0,223,0,3,NA,97,0.35
196,2,0,3,197,0,NA,98,0.35
198,2,0,0,3,197,NA,99,0.35
200,2,0,51,0,8,NA,100,0.35
202,2,0,53,45,0,NA,101,0.35
204,2,0,0,41,45,NA,102,0.35
206,2,0,189,0,2,NA,103,0.35
208,2,0,4,177,0,NA,104,0.35
210,2,0,0,4,177,NA,105,0.35
212,2,0,136,0,7,NA,106,0.35
214,2,0,4,112,0,NA,107,0.35
216,2,0,0,3,112,NA,108,0.35
218,2,0,213,0,4,NA,109,0.35
220,2,0,0,204,0,NA,110,0.35
222,2,0,0,2,204,NA,111,0.35
224,2,0,129,0,8,NA,112,0.35
226,2,0,10,117,0,NA,113,0.35
228,2,0,0,0,117,NA,114,0.35
230,2,0,217,0,5,NA,115,0.35
232,2,0,12,185,0,NA,116,0.35
234,2,0,0,11,185,NA,117,0.35
236,2,0,103,0,7,NA,118,0.35
238,2,0,20,101,0,NA,119,0.35
240,2,0,0,17,101,NA,120,0.35
242,2,0,266,0,4,NA,121,0.35
244,2,0,1,215,0,NA,122,0.35
246,2,0,0,2,215,NA,123,0.35
248,2,0,114,0,9,NA,124,0.35
250,2,0,12,111,0,NA,125,0.35
252,2,0,0,12,111,NA,126,0.35
254,2,0,261,0,4,NA,127,0.35
256,2,0,2,245,0,NA,128,0.35
258,2,0,0,0,245,NA,129,0.35
260,2,0,91,0,10,NA,130,0.35
262,2,0,27,83,0,NA,131,0.35
264,2,0,0,22,83,NA,132,0.35
266,2,0,303,0,3,NA,133,0.35
268,2,0,0,249,0,NA,134,0.35
270,2,0,0,0,249,NA,135,0.35
272,2,0,118,0,10,NA,136,0.35
274,2,0,7,115,0,NA,137,0.35
276,2,0,0,7,115,NA,138,0.35
278,2,0,332,0,5,NA,139,0.35
280,2,0,0,314,0,NA,140,0.35
282,2,0,0,0,314,NA,141,0.35
284,2,0,71,0,13,NA,142,0.35
286,2,0,27,69,1,NA,143,0.35
288,2,0,0,23,49,NA,144,0.35
290,2,0,373,0,2,NA,145,0.35
292,2,0,0,330,0,NA,146,0.35
294,2,0,0,0,330,NA,147,0.35
296,2,0,72,0,13,NA,148,0.35
298,2,0,55,67,1,NA,149,0.35
300,2,0,4,43,47,NA,150,0.35
302,2,0,306,3,2,NA,151,0.35
304,2,0,0,251,1,NA,152,0.35
306,2,0,1,0,177,NA,153,0.35
308,2,0,166,1,7,NA,154,0.35
310,2,0,6,131,0,NA,155,0.35
312,2,0,0,4,131,NA,156,0.35
314,2,0,171,0,5,NA,157,0.35
316,2,0,5,168,0,NA,158,0.35
318,2,0,0,5,168,NA,159,0.35
320,2,0,177,0,7,NA,160,0.35
322,2,0,8,172,0,NA,161,0.35
324,2,0,0,5,172,NA,162,0.35
326,2,0,201,0,7,NA,163,0.35
328,2,0,7,140,0,NA,164,0.35
330,2,0,0,7,140,NA,165,0.35
332,2,0,93,0,6,NA,166,0.35
334,2,0,13,74,0,NA,167,0.35
336,2,0,0,13,74,NA,168,0.35
338,2,0,239,0,3,NA,169,0.35
340,2,0,12,227,0,NA,170,0.35
342,2,0,0,10,227,NA,171,0.35
344,2,0,133,0,9,NA,172,0.35
346,2,0,4,109,0,NA,173,0.35
348,2,0,0,2,109,NA,174,0.35
350,2,0,267,0,4,NA,175,0.35
352,2,0,3,209,0,NA,176,0.35
354,2,0,0,3,209,NA,177,0.35
356,2,0,46,0,8,NA,178,0.35
358,2,0,63,39,0,NA,179,0.35
360,2,0,0,61,39,NA,180,0.35
362,2,0,212,0,2,NA,181,0.35
364,2,0,3,188,0,NA,182,0.35
366,2,0,0,3,188,NA,183,0.35
368,2,0,88,0,8,NA,184,0.35
370,2,0,15,79,0,NA,185,0.35
372,2,0,0,14,79,NA,186,0.35
374,2,0,359,0,3,NA,187,0.35
376,2,0,13,333,0,NA,188,0.35
378,2,0,0,8,333,NA,189,0.35
380,2,0,32,0,13,NA,190,0.35
382,2,0,57,28,1,NA,191,0.35
384,2,0,6,47,20,NA,192,0.35
386,2,0,173,4,1,NA,193,0.35
388,2,0,2,163,3,NA,194,0.35
390,2,0,21,1,57,NA,195,0.35
392,2,0,184,18,2,NA,196,0.35
394,2,0,24,169,9,NA,197,0.35
396,2,0,71,20,7,NA,198,0.35
398,2,0,19,54,2,NA,199,0.35
400,2,0,11,12,27,NA,200,0.35
402,2,0,189,11,1,NA,201,0.35
404,2,0,3,156,8,NA,202,0.35
406,2,0,62,3,9,NA,203,0.35
408,2,0,23,58,0,NA,204,0.35
410,2,0,0,14,58,NA,205,0.35
412,2,0,267,0,2,NA,206,0.35
414,2,0,7,230,0,NA,207,0.35
416,2,0,0,4,230,NA,208,0.35
418,2,0,44,0,9,NA,209,0.35
420,2,0,33,37,0,NA,210,0.35
422,2,0,0,29,37,NA,211,0.35
424,2,0,219,0,1,NA,212,0.35
0,13,0,250,5,100,NA,0,0.35
2,13,0,11,210,4,NA,1,0.35
4,13,0,30,10,52,NA,2,0.35
6,13,0,163,21,2,NA,3,0.35
8,13,0,3,129,10,NA,4,0.35
10,13,0,123,2,4,NA,5,0.35
12,13,0,7,113,0,NA,6,0.35
14,13,0,11,6,113,NA,7,0.35
16,13,0,233,8,5,NA,8,0.35
18,13,0,2,200,1,NA,9,0.35
20,13,0,14,1,141,NA,10,0.35
22,13,0,226,13,6,NA,11,0.35
24,13,0,0,201,2,NA,12,0.35
26,13,0,33,1,100,NA,13,0.35
28,13,0,193,21,4,NA,14,0.35
30,13,0,0,153,5,NA,15,0.35
32,13,0,53,0,27,NA,16,0.35
34,13,0,82,37,1,NA,17,0.35
36,13,0,0,61,26,NA,18,0.35
38,13,0,177,0,1,NA,19,0.35
40,13,0,0,134,0,NA,20,0.35
42,13,0,0,0,134,NA,21,0.35
44,13,0,197,0,5,NA,22,0.35
46,13,0,3,159,0,NA,23,0.35
48,13,0,0,3,159,NA,24,0.35
50,13,0,137,0,6,NA,25,0.35
52,13,0,2,106,0,NA,26,0.35
54,13,0,0,1,106,NA,27,0.35
56,13,0,253,1,6,NA,28,0.35
58,13,0,1,200,0,NA,29,0.35
60,13,0,4,0,200,NA,30,0.35
62,13,0,89,3,8,NA,31,0.35
64,13,0,17,69,0,NA,32,0.35
66,13,0,0,16,69,NA,33,0.35
68,13,0,324,0,3,NA,34,0.35
70,13,0,0,279,0,NA,35,0.35
72,13,0,0,0,279,NA,36,0.35
74,13,0,92,0,11,NA,37,0.35
76,13,0,28,76,0,NA,38,0.35
78,13,0,0,26,76,NA,39,0.35
80,13,0,279,0,3,NA,40,0.35
82,13,0,4,256,0,NA,41,0.35
84,13,0,0,3,256,NA,42,0.35
86,13,0,51,0,10,NA,43,0.35
88,13,0,27,42,0,NA,44,0.35
90,13,0,0,27,42,NA,45,0.35
92,13,0,343,0,2,NA,46,0.35
94,13,0,5,306,0,NA,47,0.35
96,13,0,0,4,306,NA,48,0.35
98,13,0,7,0,12,NA,49,0.35
100,13,0,292,5,0,NA,50,0.35
102,13,0,0,289,5,NA,51,0.35
104,13,0,47,0,50,NA,52,0.35
106,13,0,93,46,2,NA,53,0.35
108,13,0,6,86,23,NA,54,0.35
110,13,0,236,7,1,NA,55,0.35
112,13,0,0,177,5,NA,56,0.35
114,13,0,12,0,31,NA,57,0.35
116,13,0,249,13,1,NA,58,0.35
118,13,0,2,241,9,NA,59,0.35
120,13,0,58,3,10,NA,60,0.35
122,13,0,41,48,0,NA,61,0.35
124,13,0,0,32,48,NA,62,0.35
126,13,0,196,0,2,NA,63,0.35
128,13,0,0,153,0,NA,64,0.35
130,13,0,0,1,153,NA,65,0.35
132,13,0,86,0,6,NA,66,0.35
134,13,0,14,79,0,NA,67,0.35
136,13,0,11,14,79,NA,68,0.35
138,13,0,84,9,3,NA,69,0.35
140,13,0,8,81,3,NA,70,0.35
142,13,0,22,11,28,NA,71,0.35
144,13,0,172,24,1,NA,72,0.35
146,13,0,0,107,17,NA,73,0.35
148,13,0,133,0,1,NA,74,0.35
150,13,0,0,110,0,NA,75,0.35
152,13,0,0,0,110,NA,76,0.35
154,13,0,183,0,4,NA,77,0.35
156,13,0,11,149,0,NA,78,0.35
158,13,0,0,11,149,NA,79,0.35
160,13,0,132,1,6,NA,80,0.35
162,13,0,7,126,0,NA,81,0.35
164,13,0,0,3,126,NA,82,0.35
166,13,0,204,1,5,NA,83,0.35
168,13,0,3,151,0,NA,84,0.35
170,13,0,0,3,151,NA,85,0.35
172,13,0,98,0,6,NA,86,0.35
174,13,0,22,85,0,NA,87,0.35
176,13,0,0,16,85,NA,88,0.35
178,13,0,169,0,3,NA,89,0.35
180,13,0,16,138,0,NA,90,0.35
182,13,0,0,16,138,NA,91,0.35
184,13,0,104,1,6,NA,92,0.35
186,13,0,10,89,0,NA,93,0.35
188,13,0,0,9,89,NA,94,0.35
190,13,0,151,0,4,NA,95,0.35
192,13,0,4,134,0,NA,96,0.35
194,13,0,0,4,134,NA,97,0.35
196,13,0,162,0,5,NA,98,0.35
198,13,0,2,153,0,NA,99,0.35
200,13,0,0,1,153,NA,100,0.35
202,13,0,184,0,6,NA,101,0.35
204,13,0,8,172,0,NA,102,0.35
206,13,0,0,7,172,NA,103,0.35
208,13,0,94,0,7,NA,104,0.35
210,13,0,13,77,0,NA,105,0.35
212,13,0,0,8,77,NA,106,0.35
214,13,0,219,0,3,NA,107,0.35
216,13,0,0,196,0,NA,108,0.35
218,13,0,0,0,196,NA,109,0.35
220,13,0,121,0,8,NA,110,0.35
222,13,0,13,101,0,NA,111,0.35
224,13,0,0,12,101,NA,112,0.35
226,13,0,237,0,4,NA,113,0.35
228,13,0,3,231,0,NA,114,0.35
230,13,0,0,3,231,NA,115,0.35
232,13,0,137,0,9,NA,116,0.35
234,13,0,34,137,0,NA,117,0.35
236,13,0,0,31,137,NA,118,0.35
238,13,0,253,0,5,NA,119,0.35
240,13,0,0,251,0,NA,120,0.35
242,13,0,0,3,251,NA,121,0.35
244,13,0,99,0,10,NA,122,0.35
246,13,0,22,84,0,NA,123,0.35
248,13,0,0,17,84,NA,124,0.35
250,13,0,311,0,3,NA,125,0.35
252,13,0,3,299,0,NA,126,0.35
254,13,0,0,2,299,NA,127,0.35
256,13,0,81,0,12,NA,128,0.35
258,13,0,33,75,0,NA,129,0.35
260,13,0,0,26,75,NA,130,0.35
262,13,0,286,0,3,NA,131,0.35
264,13,0,0,257,0,NA,132,0.35
266,13,0,0,0,257,NA,133,0.35
268,13,0,109,0,10,NA,134,0.35
270,13,0,6,108,0,NA,135,0.35
272,13,0,0,6,108,NA,136,0.35
274,13,0,291,0,4,NA,137,0.35
276,13,0,0,263,0,NA,138,0.35
278,13,0,0,0,263,NA,139,0.35
280,13,0,112,0,11,NA,140,0.35
282,13,0,22,103,0,NA,141,0.35
284,13,0,0,22,103,NA,142,0.35
286,13,0,238,0,4,NA,143,0.35
288,13,0,3,194,0,NA,144,0.35
290,13,0,0,3,194,NA,145,0.35
292,13,0,171,0,8,NA,146,0.35
294,13,0,13,136,0,NA,147,0.35
296,13,0,0,15,136,NA,148,0.35
298,13,0,263,0,5,NA,149,0.35
300,13,0,2,218,0,NA,150,0.35
302,13,0,0,1,218,NA,151,0.35
304,13,0,86,0,8,NA,152,0.35
306,13,0,34,63,0,NA,153,0.35
308,13,0,0,37,63,NA,154,0.35
310,13,0,297,0,3,NA,155,0.35
312,13,0,2,244,0,NA,156,0.35
314,13,0,0,3,244,NA,157,0.35
316,13,0,78,0,10,NA,158,0.35
318,13,0,17,71,0,NA,159,0.35
320,13,0,0,13,71,NA,160,0.35
322,13,0,343,0,3,NA,161,0.35
324,13,0,0,341,0,NA,162,0.35
326,13,0,0,0,341,NA,163,0.35
328,13,0,31,0,14,NA,164,0.35
330,13,0,63,30,1,NA,165,0.35
332,13,0,3,52,21,NA,166,0.35
334,13,0,178,2,1,NA,167,0.35
336,13,0,3,157,1,NA,168,0.35
338,13,0,7,2,111,NA,169,0.35
340,13,0,211,8,4,NA,170,0.35
342,13,0,6,162,2,NA,171,0.35
344,13,0,27,6,80,NA,172,0.35
346,13,0,113,27,3,NA,173,0.35
348,13,0,7,93,9,NA,174,0.35
350,13,0,82,6,4,NA,175,0.35
352,13,0,13,68,1,NA,176,0.35
354,13,0,17,12,48,NA,177,0.35
356,13,0,80,17,2,NA,178,0.35
358,13,0,23,53,8,NA,179,0.35
360,13,0,41,21,3,NA,180,0.35
362,13,0,16,30,7,NA,181,0.35
364,13,0,46,13,3,NA,182,0.35
366,13,0,19,38,5,NA,183,0.35
368,13,0,39,19,7,NA,184,0.35
370,13,0,32,38,2,NA,185,0.35
372,13,0,17,31,19,NA,186,0.35
374,13,0,81,15,1,NA,187,0.35
376,13,0,6,63,11,NA,188,0.35
378,13,0,84,6,1,NA,189,0.35
380,13,0,6,79,4,NA,190,0.35
382,13,0,27,5,19,NA,191,0.35
384,13,0,81,24,1,NA,192,0.35
386,13,0,6,58,17,NA,193,0.35
388,13,0,133,6,1,NA,194,0.35
390,13,0,4,117,4,NA,195,0.35
392,13,0,23,3,29,NA,196,0.35
394,13,0,167,18,1,NA,197,0.35
396,13,0,2,154,13,NA,198,0.35
398,13,0,126,2,3,NA,199,0.35
400,13,0,6,116,1,NA,200,0.35
402,13,0,7,6,82,NA,201,0.35
404,13,0,306,6,3,NA,202,0.35
406,13,0,3,254,2,NA,203,0.35
408,13,0,39,3,126,NA,204,0.35
410,13,0,133,29,5,NA,205,0.35
412,13,0,3,110,5,NA,206,0.35
414,13,0,31,0,19,NA,207,0.35
416,13,0,82,31,1,NA,208,0.35
418,13,0,2,69,22,NA,209,0.35
420,13,0,173,1,1,NA,210,0.35
422,13,0,2,153,1,NA,211,0.35
424,13,0,4,2,108,NA,212,0.35
0,22,0,250,5,100,NA,0,0.35
2,22,0,8,214,4,NA,1,0.35
4,22,0,41,7,53,NA,2,0.35
6,22,0,141,33,2,NA,3,0.35
8,22,0,12,114,16,NA,4,0.35
10,22,0,143,9,1,NA,5,0.35
12,22,0,0,133,6,NA,6,0.35
14,22,0,86,0,16,NA,7,0.35
16,22,0,71,74,1,NA,8,0.35
18,22,0,14,59,52,NA,9,0.35
20,22,0,177,12,2,NA,10,0.35
22,22,0,6,153,6,NA,11,0.35
24,22,0,49,7,19,NA,12,0.35
26,22,0,87,36,1,NA,13,0.35
28,22,0,0,67,25,NA,14,0.35
30,22,0,306,0,1,NA,15,0.35
32,22,0,0,252,0,NA,16,0.35
34,22,0,0,0,252,NA,17,0.35
36,22,0,96,0,10,NA,18,0.35
38,22,0,5,72,0,NA,19,0.35
40,22,0,0,4,72,NA,20,0.35
42,22,0,187,0,3,NA,21,0.35
44,22,0,0,144,0,NA,22,0.35
46,22,0,0,1,144,NA,23,0.35
48,22,0,229,1,6,NA,24,0.35
50,22,0,6,184,0,NA,25,0.35
52,22,0,0,3,184,NA,26,0.35
54,22,0,227,0,7,NA,27,0.35
56,22,0,0,176,0,NA,28,0.35
58,22,0,0,0,176,NA,29,0.35
60,22,0,182,0,7,NA,30,0.35
62,22,0,6,142,0,NA,31,0.35
64,22,0,0,6,142,NA,32,0.35
66,22,0,144,0,6,NA,33,0.35
68,22,0,8,119,0,NA,34,0.35
70,22,0,0,8,119,NA,35,0.35
72,22,0,273,0,5,NA,36,0.35
74,22,0,3,231,0,NA,37,0.35
76,22,0,0,3,231,NA,38,0.35
78,22,0,173,0,9,NA,39,0.35
80,22,0,8,152,0,NA,40,0.35
82,22,0,0,7,152,NA,41,0.35
84,22,0,189,0,6,NA,42,0.35
86,22,0,8,179,0,NA,43,0.35
88,22,0,0,4,179,NA,44,0.35
90,22,0,122,0,7,NA,45,0.35
92,22,0,7,106,0,NA,46,0.35
94,22,0,0,6,106,NA,47,0.35
96,22,0,126,0,4,NA,48,0.35
98,22,0,21,106,0,NA,49,0.35
100,22,0,0,18,106,NA,50,0.35
102,22,0,178,0,4,NA,51,0.35
104,22,0,7,136,0,NA,52,0.35
106,22,0,0,6,136,NA,53,0.35
108,22,0,192,0,5,NA,54,0.35
110,22,0,0,185,0,NA,55,0.35
112,22,0,0,0,185,NA,56,0.35
114,22,0,97,0,7,NA,57,0.35
116,22,0,14,77,0,NA,58,0.35
118,22,0,3,13,77,NA,59,0.35
120,22,0,144,4,3,NA,60,0.35
122,22,0,1,118,1,NA,61,0.35
124,22,0,0,2,83,NA,62,0.35
126,22,0,211,1,3,NA,63,0.35
128,22,0,3,203,0,NA,64,0.35
130,22,0,0,3,203,NA,65,0.35
132,22,0,66,0,8,NA,66,0.35
134,22,0,35,58,0,NA,67,0.35
136,22,0,0,29,58,NA,68,0.35
138,22,0,173,0,2,NA,69,0.35
140,22,0,0,147,0,NA,70,0.35
142,22,0,0,0,147,NA,71,0.35
144,22,0,136,0,6,NA,72,0.35
146,22,0,6,120,0,NA,73,0.35
148,22,0,2,6,120,NA,74,0.35
150,22,0,146,1,5,NA,75,0.35
152,22,0,5,119,0,NA,76,0.35
154,22,0,0,5,119,NA,77,0.35
156,22,0,140,0,5,NA,78,0.35
158,22,0,7,122,0,NA,79,0.35
160,22,0,0,5,122,NA,80,0.35
162,22,0,151,0,5,NA,81,0.35
164,22,0,7,144,0,NA,82,0.35
166,22,0,0,5,144,NA,83,0.35
168,22,0,123,2,6,NA,84,0.35
170,22,0,3,99,0,NA,85,0.35
172,22,0,0,3,99,NA,86,0.35
174,22,0,208,0,4,NA,87,0.35
176,22,0,0,194,0,NA,88,0.35
178,22,0,0,0,194,NA,89,0.35
180,22,0,64,0,8,NA,90,0.35
182,22,0,40,59,0,NA,91,0.35
184,22,0,0,20,59,NA,92,0.35
186,22,0,201,0,2,NA,93,0.35
188,22,0,4,163,0,NA,94,0.35
190,22,0,0,4,163,NA,95,0.35
192,22,0,168,0,7,NA,96,0.35
194,22,0,2,156,0,NA,97,0.35
196,22,0,0,1,156,NA,98,0.35
198,22,0,146,0,6,NA,99,0.35
200,22,0,21,115,0,NA,100,0.35
202,22,0,0,19,115,NA,101,0.35
204,22,0,201,0,5,NA,102,0.35
206,22,0,3,181,0,NA,103,0.35
208,22,0,0,3,181,NA,104,0.35
210,22,0,111,3,7,NA,105,0.35
212,22,0,5,99,0,NA,106,0.35
214,22,0,0,5,99,NA,107,0.35
216,22,0,144,0,4,NA,108,0.35
218,22,0,0,121,0,NA,109,0.35
220,22,0,0,0,121,NA,110,0.35
222,22,0,172,0,5,NA,111,0.35
224,22,0,9,147,0,NA,112,0.35
226,22,0,0,9,147,NA,113,0.35
228,22,0,146,0,6,NA,114,0.35
230,22,0,16,130,0,NA,115,0.35
232,22,0,0,11,130,NA,116,0.35
234,22,0,269,0,5,NA,117,0.35
236,22,0,6,221,0,NA,118,0.35
238,22,0,0,7,221,NA,119,0.35
240,22,0,41,0,9,NA,120,0.35
242,22,0,82,40,0,NA,121,0.35
244,22,0,0,73,40,NA,122,0.35
246,22,0,281,0,2,NA,123,0.35
248,22,0,0,253,0,NA,124,0.35
250,22,0,0,0,253,NA,125,0.35
252,22,0,107,0,10,NA,126,0.35
254,22,0,18,93,0,NA,127,0.35
256,22,0,0,18,93,NA,128,0.35
258,22,0,296,0,4,NA,129,0.35
260,22,0,0,264,0,NA,130,0.35
262,22,0,0,0,264,NA,131,0.35
264,22,0,118,0,11,NA,132,0.35
266,22,0,47,113,0,NA,133,0.35
268,22,0,0,41,113,NA,134,0.35
270,22,0,131,0,5,NA,135,0.35
272,22,0,17,128,0,NA,136,0.35
274,22,0,0,15,128,NA,137,0.35
276,22,0,203,0,5,NA,138,0.35
278,22,0,0,183,0,NA,139,0.35
280,22,0,0,0,183,NA,140,0.35
282,22,0,115,0,7,NA,141,0.35
284,22,0,41,106,0,NA,142,0.35
286,22,0,0,37,106,NA,143,0.35
288,22,0,154,0,4,NA,144,0.35
290,22,0,8,125,0,NA,145,0.35
292,22,0,0,8,125,NA,146,0.35
294,22,0,366,0,5,NA,147,0.35
296,22,0,0,312,0,NA,148,0.35
298,22,0,0,0,312,NA,149,0.35
300,22,0,53,0,12,NA,150,0.35
302,22,0,38,46,0,NA,151,0.35
304,22,0,0,31,46,NA,152,0.35
306,22,0,275,0,2,NA,153,0.35
308,22,0,8,269,0,NA,154,0.35
310,22,0,0,6,269,NA,155,0.35
312,22,0,76,0,11,NA,156,0.35
314,22,0,32,62,0,NA,157,0.35
316,22,0,0,31,62,NA,158,0.35
318,22,0,293,0,2,NA,159,0.35
320,22,0,12,273,0,NA,160,0.35
322,22,0,0,9,273,NA,161,0.35
324,22,0,27,0,11,NA,162,0.35
326,22,0,75,24,0,NA,163,0.35
328,22,0,0,71,24,NA,164,0.35
330,22,0,202,0,1,NA,165,0.35
332,22,0,2,174,0,NA,166,0.35
334,22,0,0,2,174,NA,167,0.35
336,22,0,109,0,7,NA,168,0.35
338,22,0,35,97,0,NA,169,0.35
340,22,0,0,29,97,NA,170,0.35
342,22,0,203,0,4,NA,171,0.35
344,22,0,18,156,0,NA,172,0.35
346,22,0,0,13,156,NA,173,0.35
348,22,0,183,0,6,NA,174,0.35
350,22,0,0,169,0,NA,175,0.35
352,22,0,0,0,169,NA,176,0.35
354,22,0,215,0,7,NA,177,0.35
356,22,0,4,175,0,NA,178,0.35
358,22,0,0,3,175,NA,179,0.35
360,22,0,69,0,7,NA,180,0.35
362,22,0,26,51,0,NA,181,0.35
364,22,0,0,23,51,NA,182,0.35
366,22,0,201,0,2,NA,183,0.35
368,22,0,12,193,0,NA,184,0.35
370,22,0,0,10,193,NA,185,0.35
372,22,0,143,0,8,NA,186,0.35
374,22,0,36,83,0,NA,187,0.35
376,22,0,0,33,83,NA,188,0.35
378,22,0,341,0,3,NA,189,0.35
380,22,0,0,312,0,NA,190,0.35
382,22,0,0,0,312,NA,191,0.35
384,22,0,8,0,12,NA,192,0.35
386,22,0,157,8,0,NA,193,0.35
388,22,0,0,149,8,NA,194,0.35
390,22,0,29,0,9,NA,195,0.35
392,22,0,62,29,0,NA,196,0.35
394,22,0,0,55,29,NA,197,0.35
396,22,0,197,0,1,NA,198,0.35
398,22,0,10,184,0,NA,199,0.35
400,22,0,0,9,184,NA,200,0.35
402,22,0,61,0,7,NA,201,0.35
404,22,0,27,60,0,NA,202,0.35
406,22,0,0,14,60,NA,203,0.35
408,22,0,303,0,2,NA,204,0.35
410,22,0,0,248,0,NA,205,0.35
412,22,0,0,0,248,NA,206,0.35
414,22,0,69,0,10,NA,207,0.35
416,22,0,39,58,0,NA,208,0.35
418,22,0,0,32,58,NA,209,0.35
420,22,0,274,0,2,NA,210,0.35
422,22,0,0,236,0,NA,211,0.35
424,22,0,0,0,236,NA,212,0.35
